Subreddit,Category,Post ID,Title Used,Timestamp,Status,Reddit Post URL
https://reddit.com/r/IMadeThis,Fully Open,,,5/21/26,Posted,
https://reddit.com/r/alphaandbetausers,Fully Open,,,5/21/26,Posted,
https://reddit.com/r/roastmyapp,Fully Open,,,5/21/26,Posted,
https://reddit.com/r/buildinpublic,Fully Open,,,5/21/26,Posted,
https://reddit.com/r/playmygame,Fully Open,,,5/21/26,Posted,
https://reddit.com/r/AppleWatchApps,Fully Open,,,5/21/26,Posted,
https://reddit.com/r/wordgames,Restricted But Workable,,,5/21/26,Posted,
https://reddit.com/r/braintraining,Restricted But Workable,,,5/22/26,Posted,
https://reddit.com/r/SaaS,Restricted But Workable,,,5/21/26,Posted,
https://reddit.com/r/puzzles,Restricted But Workable,,,5/21/26,Posted,
https://reddit.com/r/DifficultTrivia,Fully Open,,,5/21/26,Posted,
https://reddit.com/r/alphaandbetausers,Fully Open,7,"NotiTrivia: trivia on your Apple Watch, free",2026-05-30T14:32:00,Posted,
https://reddit.com/r/wordgames,Restricted But Workable,14,"Taking ""listen to your users"" too literally is a trap",2026-05-30T14:33:03,Posted,
https://reddit.com/r/puzzles,Restricted But Workable,12,Built something to keep my trivia brain warm,2026-05-30T14:35:03,Posted,
https://reddit.com/r/AppleWatchApps,Fully Open,3,"Yeah it's rough, but I built it anyway",2026-05-30T14:35:41,Posted,
https://reddit.com/r/DifficultTrivia,Fully Open,4,Turned bar trivia questions into a watch app,2026-05-30T14:36:22,Posted,
https://reddit.com/r/IMadeThis,Fully Open,5,Made this because I couldn't use my phone at work,2026-05-30T14:37:51,Posted,
https://reddit.com/r/braintraining,Restricted But Workable,14,"Built something minimal, people said add more, I didn't",2026-05-30T14:38:52,Posted,
https://reddit.com/r/buildinpublic,Fully Open,4,Built this because I couldn't use my phone at work,2026-05-30T14:39:28,Posted,
https://reddit.com/r/startup_ideas,Unknown,4,Made a little WatchOS trivia notification app for work,2026-05-30T20:41:28,Posted,
https://reddit.com/r/appdev,Unknown,9,How do indie devs actually get any traction in 2025?,2026-05-30T20:42:16,Posted,
https://reddit.com/r/appideas,Unknown,6,Who out there wants to be my second ever download?,2026-05-30T20:43:01,Posted,
https://reddit.com/r/roastmyapp,Fully Open,1,"I built a free trivia app for Apple Watch, go try it",2026-05-30T20:43:43,Posted,
https://reddit.com/r/vibecodingsaas,Unknown,14,Users can critique what exists but they can't invent what doesn't,2026-05-30T20:44:41,Posted,
https://reddit.com/r/startupsolofounder,Unknown,5,Built for people who want trivia without the hassle,2026-05-30T20:45:20,Posted,
https://reddit.com/r/promotemyapp,Unknown,5,Built for people who want trivia without the hassle,2026-05-30T20:51:57,Posted,
https://reddit.com/r/appswebappsfullstack,Unknown,9,Is the App Store basically just a graveyard for indie apps now?,2026-05-30T20:52:47,Posted,
https://reddit.com/r/buildinpublic,Fully Open,2,How did you get your very first real users for your app?,2026-05-30T20:53:32,Posted,
https://reddit.com/r/vibecoding,Unknown,11,Nobody ever teaches you how to actually sell your own app,2026-05-30T20:54:20,Posted,
https://reddit.com/r/wordgames,Restricted But Workable,3,"It's not perfect, but it definitely gets the job done",2026-05-30T21:19:18,Posted,
https://reddit.com/r/DifficultTrivia,Fully Open,9,Did organic Reddit posting ever actually work for you?,2026-05-30T21:21:12,Posted,
https://reddit.com/r/showmeyourapps,Unknown,8,Free Apple Watch trivia app — be completely honest with me,2026-05-30T21:22:00,Posted,
https://reddit.com/r/feedbackqueue,Unknown,11,Building the app was the easy part. Marketing is hard.,2026-06-02T19:02:25,Posted,
https://reddit.com/r/IMadeThis,Fully Open,24,"The phone version would be a worse app, so I didn't build it",2026-06-02T19:03:23,Posted,
https://reddit.com/r/braintraining,Restricted But Workable,19,Push notifications on watchOS are way more annoying than they look,2026-06-02T19:06:07,Posted,
https://reddit.com/r/showmeyourapps,Unknown,17,Which trivia category trips people up the most? Here's the data,2026-06-02T19:07:00,Posted,
https://reddit.com/r/iosappsmarketing,Unknown,17,"Data from 14,000+ trivia questions — here's what people get wrong",2026-06-02T19:07:54,Posted,
https://reddit.com/r/leanstartup,Unknown,3,Made an Apple Watch app because I was bored at work,2026-06-02T19:11:35,Posted,
https://reddit.com/r/appledevelopers,Unknown,9,Is the App Store basically just a graveyard for indie apps now?,2026-06-02T19:12:26,Posted,
https://reddit.com/r/founder,Unknown,3,"Tiny trivia app I built for myself, give it a shot",2026-06-02T19:13:11,Posted,
https://reddit.com/r/alphaandbetausers,Fully Open,5,"A bar trivia nerd built an Apple Watch app, come try it",2026-06-02T19:13:48,Posted,
https://reddit.com/r/puzzles,Restricted But Workable,9,1000 lifetime downloads is apparently the average,2026-06-02T19:14:39,Posted,
https://reddit.com/r/wordgames,Restricted But Workable,20,Stop building watchOS apps the old way — here's what changed,2026-06-02T19:15:39,Posted,
